{
  "best_val_accuracy": 94.07894736842105,
  "test_accuracy": 96.73202614379085,
  "class_accuracy": {
    "晨读": 97.32142857142857,
    "晨跑": 97.46835443037975,
    "异常": 33.333333333333336
  },
  "dataset_size": {
    "train": 1422,
    "val": 304,
    "test": 306
  },
  "class_counts": {
    "test": {
      "晨读": 224,
      "晨跑": 79,
      "异常": 3
    }
  },
  "three_way_decision": {
    "alpha": 0.699999988079071,
    "beta": 0.15000000596046448
  }
}