{
  "best_val_accuracy": 67.76315789473684,
  "test_accuracy": 70.26143790849673,
  "class_accuracy": {
    "晨读": 100.0,
    "晨跑": 0.0,
    "异常": 0.0
  },
  "dataset_size": {
    "train": 1422,
    "val": 304,
    "test": 306
  },
  "class_counts": {
    "test": {
      "晨读": 215,
      "晨跑": 89,
      "异常": 2
    }
  },
  "three_way_decision": {
    "alpha": 0.699999988079071,
    "beta": 0.15000000596046448
  }
}