{
  "best_seed": 456,
  "all_seeds": [
    {
      "seed": 42,
      "val_acc": 96.71052631578948,
      "test_acc": 97.05882352941177
    },
    {
      "seed": 123,
      "val_acc": 97.36842105263158,
      "test_acc": 97.38562091503267
    },
    {
      "seed": 456,
      "val_acc": 98.35526315789474,
      "test_acc": 98.69281045751634
    }
  ],
  "test_accuracy": 98.69281045751634,
  "class_accuracy": {
    "晨读": 100.0,
    "晨跑": 97.5,
    "异常": 50.0
  },
  "three_way_decision": {
    "alpha": 0.7599999904632568,
    "beta": 0.009999999776482582
  }
}