{
  "best_val_accuracy": 98.6842105263158,
  "test_accuracy": 96.40522875816994,
  "class_accuracy": {
    "晨读": 96.81818181818181,
    "晨跑": 97.61904761904762,
    "异常": 0.0
  },
  "dataset_size": {
    "train": 1422,
    "val": 304,
    "test": 306
  },
  "class_counts": {
    "test": {
      "晨读": 220,
      "晨跑": 84,
      "异常": 2
    }
  }
}